voter_id,w_spiciness,w_creaminess,w_sweetness,w_crunchiness,w_richness,u_butter_chicken,u_pad_thai,u_pizza,u_sushi,u_tacos,rank_1,rank_2,rank_3,rank_4,rank_5
1,0.125,0.593,0.332,0.576,0.688,0.323,0.322,0.913,0.343,0.192,pizza,sushi,butter_chicken,pad_thai,tacos
2,0.088,0.679,0.338,0.477,0.727,0.419,0.213,0.905,0.267,0.09,pizza,butter_chicken,sushi,pad_thai,tacos
3,0.077,0.577,0.312,0.404,0.614,0.371,0.257,0.867,0.416,0.105,pizza,sushi,butter_chicken,pad_thai,tacos
4,0.072,0.549,0.316,0.455,0.629,0.334,0.285,0.897,0.426,0.129,pizza,sushi,butter_chicken,pad_thai,tacos
5,0.173,0.589,0.303,0.429,0.673,0.436,0.31,0.894,0.384,0.187,pizza,butter_chicken,sushi,pad_thai,tacos
6,0.106,0.542,0.319,0.47,0.685,0.358,0.307,0.93,0.402,0.161,pizza,sushi,butter_chicken,pad_thai,tacos
7,0.07,0.693,0.299,0.447,0.741,0.446,0.171,0.882,0.248,0.066,pizza,butter_chicken,sushi,pad_thai,tacos
8,0.039,0.61,0.202,0.434,0.71,0.398,0.171,0.866,0.318,0.088,pizza,butter_chicken,sushi,pad_thai,tacos
9,0.137,0.609,0.294,0.485,0.626,0.379,0.303,0.915,0.386,0.18,pizza,sushi,butter_chicken,pad_thai,tacos
10,0.064,0.577,0.353,0.517,0.612,0.295,0.295,0.887,0.4,0.127,pizza,sushi,butter_chicken,pad_thai,tacos
11,0.116,0.581,0.266,0.531,0.752,0.372,0.275,0.926,0.321,0.182,pizza,butter_chicken,sushi,pad_thai,tacos
12,0.147,0.558,0.285,0.517,0.749,0.38,0.311,0.917,0.346,0.207,pizza,butter_chicken,sushi,pad_thai,tacos
13,0.076,0.591,0.245,0.44,0.741,0.414,0.214,0.905,0.325,0.117,pizza,butter_chicken,sushi,pad_thai,tacos
14,0.168,0.596,0.35,0.518,0.668,0.37,0.346,0.908,0.368,0.204,pizza,butter_chicken,sushi,pad_thai,tacos
15,0.118,0.677,0.298,0.578,0.569,0.309,0.279,0.828,0.334,0.165,pizza,sushi,butter_chicken,pad_thai,tacos
16,0.141,0.604,0.285,0.505,0.601,0.356,0.316,0.892,0.401,0.195,pizza,sushi,butter_chicken,pad_thai,tacos
17,0.089,0.618,0.374,0.474,0.66,0.364,0.273,0.909,0.351,0.11,pizza,butter_chicken,sushi,pad_thai,tacos
18,0.075,0.646,0.316,0.474,0.726,0.405,0.219,0.934,0.292,0.098,pizza,butter_chicken,sushi,pad_thai,tacos
19,0.105,0.648,0.265,0.484,0.68,0.408,0.238,0.935,0.32,0.141,pizza,butter_chicken,sushi,pad_thai,tacos
20,0.027,0.615,0.313,0.5,0.688,0.338,0.218,0.923,0.325,0.084,pizza,butter_chicken,sushi,pad_thai,tacos
21,0.029,0.579,0.283,0.46,0.692,0.352,0.218,0.914,0.355,0.089,pizza,sushi,butter_chicken,pad_thai,tacos
22,0.12,0.694,0.309,0.513,0.696,0.413,0.236,0.903,0.273,0.132,pizza,butter_chicken,sushi,pad_thai,tacos
23,0.004,0.599,0.303,0.623,0.69,0.241,0.228,0.844,0.301,0.104,pizza,sushi,butter_chicken,pad_thai,tacos
24,0.115,0.598,0.242,0.557,0.738,0.36,0.267,0.909,0.311,0.19,pizza,butter_chicken,sushi,pad_thai,tacos
25,0.14,0.555,0.37,0.43,0.729,0.405,0.307,0.881,0.367,0.147,pizza,butter_chicken,sushi,pad_thai,tacos
26,0.21,0.55,0.272,0.505,0.675,0.385,0.371,0.873,0.404,0.27,pizza,sushi,butter_chicken,pad_thai,tacos
27,0.022,0.603,0.247,0.524,0.654,0.312,0.216,0.892,0.346,0.107,pizza,sushi,butter_chicken,pad_thai,tacos
28,0.177,0.561,0.284,0.541,0.638,0.341,0.367,0.885,0.411,0.253,pizza,sushi,pad_thai,butter_chicken,tacos
29,0.111,0.665,0.22,0.509,0.713,0.416,0.215,0.895,0.282,0.152,pizza,butter_chicken,sushi,pad_thai,tacos
30,0.139,0.538,0.234,0.526,0.715,0.355,0.312,0.897,0.377,0.226,pizza,sushi,butter_chicken,pad_thai,tacos
31,0.113,0.617,0.266,0.512,0.715,0.391,0.26,0.955,0.321,0.166,pizza,butter_chicken,sushi,pad_thai,tacos
32,0.064,0.693,0.324,0.44,0.733,0.439,0.173,0.877,0.252,0.055,pizza,butter_chicken,sushi,pad_thai,tacos
33,0.051,0.639,0.358,0.459,0.748,0.394,0.204,0.894,0.279,0.062,pizza,butter_chicken,sushi,pad_thai,tacos
34,0.121,0.641,0.395,0.488,0.662,0.375,0.289,0.887,0.332,0.125,pizza,butter_chicken,sushi,pad_thai,tacos
35,0.056,0.559,0.296,0.517,0.714,0.327,0.261,0.936,0.355,0.133,pizza,sushi,butter_chicken,pad_thai,tacos
36,0.141,0.601,0.373,0.487,0.836,0.417,0.261,0.84,0.255,0.132,pizza,butter_chicken,pad_thai,sushi,tacos
37,0.131,0.557,0.246,0.524,0.689,0.355,0.308,0.92,0.381,0.213,pizza,sushi,butter_chicken,pad_thai,tacos
38,0.136,0.624,0.296,0.458,0.624,0.4,0.285,0.903,0.378,0.162,pizza,butter_chicken,sushi,pad_thai,tacos
39,0.078,0.643,0.311,0.438,0.709,0.423,0.215,0.92,0.308,0.091,pizza,butter_chicken,sushi,pad_thai,tacos
40,0.119,0.556,0.308,0.503,0.643,0.339,0.326,0.925,0.414,0.186,pizza,sushi,butter_chicken,pad_thai,tacos
41,0.118,0.628,0.354,0.553,0.631,0.326,0.31,0.892,0.351,0.164,pizza,sushi,butter_chicken,pad_thai,tacos
42,0.053,0.626,0.326,0.526,0.893,0.373,0.166,0.796,0.184,0.064,pizza,butter_chicken,sushi,pad_thai,tacos
43,0.129,0.657,0.348,0.533,0.684,0.377,0.282,0.912,0.305,0.153,pizza,butter_chicken,sushi,pad_thai,tacos
44,0.138,0.561,0.288,0.476,0.704,0.391,0.307,0.939,0.379,0.189,pizza,butter_chicken,sushi,pad_thai,tacos
45,0.216,0.507,0.334,0.419,0.676,0.402,0.384,0.826,0.444,0.232,pizza,sushi,butter_chicken,pad_thai,tacos
46,0.254,0.103,0.246,0.364,0.334,-0.024,0.422,0.347,0.909,0.213,sushi,pad_thai,pizza,tacos,butter_chicken
47,0.163,0.111,0.302,0.367,0.407,-0.002,0.402,0.411,0.882,0.159,sushi,pizza,pad_thai,tacos,butter_chicken
48,0.232,0.0,0.309,0.367,0.343,-0.11,0.411,0.277,0.881,0.157,sushi,pad_thai,pizza,tacos,butter_chicken
49,0.16,0.094,0.325,0.443,0.24,-0.13,0.392,0.311,0.912,0.128,sushi,pad_thai,pizza,tacos,butter_chicken
50,0.183,0.076,0.267,0.488,0.32,-0.103,0.434,0.346,0.9,0.203,sushi,pad_thai,pizza,tacos,butter_chicken
51,0.137,0.146,0.406,0.452,0.224,-0.123,0.397,0.331,0.839,0.095,sushi,pad_thai,pizza,tacos,butter_chicken
52,0.176,0.163,0.265,0.422,0.339,-0.008,0.417,0.422,0.912,0.196,sushi,pizza,pad_thai,tacos,butter_chicken
53,0.154,0.097,0.138,0.349,0.287,-0.071,0.286,0.31,0.824,0.127,sushi,pizza,pad_thai,tacos,butter_chicken
54,0.138,0.182,0.228,0.378,0.307,-0.007,0.345,0.408,0.872,0.144,sushi,pizza,pad_thai,tacos,butter_chicken
55,0.272,0.028,0.358,0.401,0.251,-0.146,0.444,0.244,0.873,0.163,sushi,pad_thai,pizza,tacos,butter_chicken
56,0.223,0.11,0.27,0.403,0.281,-0.066,0.418,0.336,0.956,0.189,sushi,pad_thai,pizza,tacos,butter_chicken
57,0.206,0.133,0.379,0.338,0.407,0.021,0.44,0.41,0.849,0.158,sushi,pad_thai,pizza,tacos,butter_chicken
58,0.102,0.092,0.329,0.414,0.269,-0.12,0.349,0.328,0.892,0.083,sushi,pad_thai,pizza,tacos,butter_chicken
59,0.19,0.075,0.271,0.442,0.318,-0.089,0.42,0.341,0.94,0.188,sushi,pad_thai,pizza,tacos,butter_chicken
60,0.165,0.145,0.315,0.441,0.331,-0.039,0.432,0.407,0.922,0.179,sushi,pad_thai,pizza,tacos,butter_chicken
61,0.159,0.072,0.337,0.431,0.299,-0.11,0.408,0.33,0.931,0.136,sushi,pad_thai,pizza,tacos,butter_chicken
62,0.206,0.164,0.27,0.427,0.29,-0.031,0.427,0.387,0.923,0.203,sushi,pad_thai,pizza,tacos,butter_chicken
63,0.189,0.155,0.341,0.441,0.365,-0.011,0.469,0.431,0.896,0.202,sushi,pad_thai,pizza,tacos,butter_chicken
64,0.401,0.934,0.184,0.116,0.893,0.959,-0.083,0.367,-0.087,-0.059,butter_chicken,pizza,tacos,pad_thai,sushi
65,0.405,0.93,0.159,0.205,0.85,0.873,-0.027,0.424,-0.045,0.014,butter_chicken,pizza,tacos,pad_thai,sushi
66,0.339,0.958,0.24,0.131,0.931,0.897,-0.104,0.385,-0.109,-0.106,butter_chicken,pizza,pad_thai,tacos,sushi
67,0.399,0.855,0.204,0.066,0.949,0.925,-0.077,0.357,-0.073,-0.068,butter_chicken,pizza,tacos,sushi,pad_thai
68,0.393,0.859,0.184,0.121,0.872,0.943,-0.025,0.417,-0.016,-0.01,butter_chicken,pizza,tacos,sushi,pad_thai
69,0.359,0.912,0.212,0.075,0.876,0.944,-0.086,0.381,-0.063,-0.088,butter_chicken,pizza,sushi,pad_thai,tacos
70,0.412,0.828,0.13,0.064,0.889,0.892,-0.059,0.364,-0.031,-0.027,butter_chicken,pizza,tacos,sushi,pad_thai
71,0.416,0.974,0.243,0.092,0.899,0.913,-0.108,0.33,-0.126,-0.101,butter_chicken,pizza,tacos,pad_thai,sushi
72,0.35,0.899,0.186,0.116,0.859,0.932,-0.058,0.419,-0.033,-0.051,butter_chicken,pizza,sushi,tacos,pad_thai
73,0.426,0.977,0.195,0.12,0.935,0.909,-0.119,0.322,-0.146,-0.087,butter_chicken,pizza,tacos,pad_thai,sushi
74,0.38,0.911,0.201,0.105,0.861,0.955,-0.062,0.394,-0.05,-0.054,butter_chicken,pizza,sushi,tacos,pad_thai
75,0.401,0.925,0.273,0.148,1.0,0.865,-0.082,0.359,-0.129,-0.079,butter_chicken,pizza,tacos,pad_thai,sushi
76,0.362,0.944,0.209,0.209,0.86,0.87,-0.032,0.447,-0.047,-0.018,butter_chicken,pizza,tacos,pad_thai,sushi
77,0.558,0.17,0.394,0.674,0.462,-0.057,0.873,0.3,0.507,0.556,pad_thai,tacos,sushi,pizza,butter_chicken
78,0.608,0.217,0.594,0.748,0.471,-0.126,0.889,0.222,0.354,0.446,pad_thai,tacos,sushi,pizza,butter_chicken
79,0.555,0.225,0.434,0.792,0.559,-0.063,0.862,0.314,0.383,0.577,pad_thai,tacos,sushi,pizza,butter_chicken
80,0.577,0.114,0.568,0.694,0.562,-0.119,0.872,0.23,0.392,0.438,pad_thai,tacos,sushi,pizza,butter_chicken
81,0.52,0.17,0.5,0.702,0.477,-0.086,0.911,0.299,0.481,0.471,pad_thai,sushi,tacos,pizza,butter_chicken
82,0.631,0.147,0.493,0.706,0.526,-0.102,0.933,0.227,0.392,0.53,pad_thai,tacos,sushi,pizza,butter_chicken
83,0.636,0.144,0.423,0.764,0.517,-0.125,0.879,0.217,0.378,0.595,pad_thai,tacos,sushi,pizza,butter_chicken
84,0.563,0.278,0.506,0.759,0.503,-0.048,0.895,0.317,0.387,0.518,pad_thai,tacos,sushi,pizza,butter_chicken
85,0.703,0.288,0.488,0.749,0.532,-0.052,0.852,0.234,0.293,0.591,pad_thai,tacos,sushi,pizza,butter_chicken
86,0.668,0.152,0.534,0.753,0.412,-0.186,0.863,0.149,0.357,0.485,pad_thai,tacos,sushi,pizza,butter_chicken
87,0.541,0.098,0.487,0.736,0.575,-0.121,0.855,0.257,0.417,0.488,pad_thai,tacos,sushi,pizza,butter_chicken
88,0.604,0.281,0.431,0.615,0.497,0.048,0.864,0.346,0.454,0.56,pad_thai,tacos,sushi,pizza,butter_chicken
89,0.819,0.298,0.0,0.796,0.535,-0.093,0.436,0.098,0.149,0.879,tacos,pad_thai,sushi,pizza,butter_chicken
90,0.833,0.318,0.053,0.774,0.547,-0.061,0.475,0.119,0.157,0.916,tacos,pad_thai,sushi,pizza,butter_chicken
91,0.797,0.348,0.051,0.825,0.573,-0.057,0.468,0.144,0.143,0.922,tacos,pad_thai,pizza,sushi,butter_chicken
92,0.76,0.295,0.048,0.772,0.54,-0.049,0.504,0.168,0.218,0.907,tacos,pad_thai,sushi,pizza,butter_chicken
93,0.898,0.302,0.065,0.811,0.594,-0.106,0.444,0.057,0.084,0.895,tacos,pad_thai,sushi,pizza,butter_chicken
94,0.789,0.331,0.138,0.773,0.571,-0.02,0.559,0.185,0.201,0.936,tacos,pad_thai,sushi,pizza,butter_chicken
95,0.786,0.185,0.024,0.868,0.682,-0.153,0.432,0.075,0.11,0.825,tacos,pad_thai,sushi,pizza,butter_chicken
96,0.788,0.329,0.116,0.954,0.656,-0.128,0.463,0.112,0.07,0.832,tacos,pad_thai,pizza,sushi,butter_chicken
97,0.794,0.252,0.02,0.81,0.562,-0.107,0.465,0.108,0.169,0.899,tacos,pad_thai,sushi,pizza,butter_chicken
98,0.729,0.268,0.046,0.884,0.644,-0.101,0.469,0.151,0.148,0.866,tacos,pad_thai,pizza,sushi,butter_chicken
99,0.8,0.374,0.104,0.757,0.676,0.037,0.489,0.196,0.138,0.885,tacos,pad_thai,pizza,sushi,butter_chicken
100,0.827,0.248,0.09,0.756,0.531,-0.089,0.525,0.111,0.2,0.899,tacos,pad_thai,sushi,pizza,butter_chicken
